	<A_Game_of_Thrones>	<hasPages>	"694"^^xsd:integer
	<Amazon.com>	<hasNumberOfPeople>	"154100"^^xsd:integer
	<Amazon.com>	<hasNumberOfPeople>	"2014"^^xsd:integer
	<Amazon.com>	<hasNumberOfPeople>	"2015"^^xsd:integer
	<Amazon.com>	<hasNumberOfPeople>	"2016"^^xsd:integer
	<Amazon.com>	<hasNumberOfPeople>	"2017"^^xsd:integer
	<Amazon.com>	<hasNumberOfPeople>	"230000"^^xsd:integer
	<Amazon.com>	<hasNumberOfPeople>	"341000"^^xsd:integer
	<Amsterdam>	<hasArea>	"219.32"^^<km2>
	<Amsterdam>	<hasLatitude>	"52.36666666666667"^^<degrees>
	<Amsterdam>	<hasLongitude>	"4.9"^^<degrees>
	<Amsterdam>	<hasMotto>	"Heldhaftig, Vastberaden, Barmhartig"
	<Amsterdam>	<hasNumberOfPeople>	"1096920"^^xsd:integer
	<Amsterdam>	<hasNumberOfPeople>	"801200"^^xsd:integer
	<Amsterdam>	<hasNumberOfPeople>	"840486"^^xsd:integer
	<Amsterdam>	<hasNumberOfPeople>	"851573"^^xsd:integer
	<Angelsberg>	<hasLatitude>	"49.763"^^<degrees>
	<Angelsberg>	<hasLongitude>	"6.158"^^<degrees>
	<Angelsberg>	<hasNumberOfPeople>	"283"^^xsd:integer
	<Angelsberg>	<hasNumberOfPeople>	"340"^^xsd:integer
	<Animal_Farm>	<hasPages>	"112"^^xsd:integer
	<Australia>	<hasArea>	"7692024"^^<km2>
	<Australia>	<hasEconomicGrowth>	"1.8"^^<percent>
	<Australia>	<hasExpenses>	"413800000000"^^<dollar>
	<Australia>	<hasExport>	"184400000000"^^<dollar>
	<Australia>	<hasGDP>	"1257000000000"^^<dollar>
	<Australia>	<hasGDP>	"1257000000000"^^<yagoMonetaryValue>
	<Australia>	<hasGini>	"33.6"^^xsd:decimal
	<Australia>	<hasImport>	"208400000000"^^<dollar>
	<Australia>	<hasInflation>	"1.0"^^<percent>
	<Australia>	<hasLatitude>	"-27.0"^^<degrees>
	<Australia>	<hasLongitude>	"133.0"^^<degrees>
	<Australia>	<hasMotto>	"brak"
	<Australia>	<hasNumberOfPeople>	"24481528"^^xsd:integer
	<Australia>	<hasPopulationDensity>	"1"^^</km2>
	<Australia>	<hasPopulationDensity>	"7692024"^^</km2>
	<Australia>	<hasRevenue>	"373900000000"^^<dollar>
	<Australia>	<hasTLD>	".au"
	<Australia>	<hasUnemployment>	"2016"^^<percent>
	<Australia>	<hasUnemployment>	"5.7"^^<percent>
	<Barcelona>	<hasArea>	"101.4"^^<km2>
	<Barcelona>	<hasLatitude>	"41.38333333333333"^^<degrees>
	<Barcelona>	<hasLongitude>	"2.183333333333333"^^<degrees>
	<Barcelona>	<hasNumberOfPeople>	"1604555"^^xsd:integer
	<Barcelona>	<hasNumberOfPeople>	"1611822"^^xsd:integer
	<Berlin>	<hasArea>	"891.7"^^<km2>
	<Berlin>	<hasLatitude>	"52.507222222222225"^^<degrees>
	<Berlin>	<hasLongitude>	"13.145833333333332"^^<degrees>
	<Berlin>	<hasNumberOfPeople>	"3469849"^^xsd:integer
	<Berlin>	<hasNumberOfPeople>	"3520031"^^xsd:integer
	<Berlin>	<hasNumberOfPeople>	"3671000"^^xsd:integer
	<Boston>	<hasArea>	"232.14"^^<km2>
	<Boston>	<hasLatitude>	"42.35805555555556"^^<degrees>
	<Boston>	<hasLongitude>	"-71.06361111111111"^^<degrees>
	<Boston>	<hasMotto>	"Sicut patribus sit Deus nobis"
	<Boston>	<hasNumberOfPeople>	"4670000"^^xsd:integer
	<Boston>	<hasNumberOfPeople>	"617594"^^xsd:integer
	<Boston>	<hasNumberOfPeople>	"645169"^^xsd:integer
	<Boston>	<hasNumberOfPeople>	"659135"^^xsd:integer
	<Boston>	<hasNumberOfPeople>	"667137"^^xsd:integer
	<Brave_New_World>	<hasPages>	"311"^^xsd:integer
	<Brazil>	<hasArea>	"8515767"^^<km2>
	<Brazil>	<hasEconomicGrowth>	"-3.8"^^<percent>
	<Brazil>	<hasExport>	"189000000000"^^<dollar>
	<Brazil>	<hasGDP>	"2140000000000"^^<dollar>
	<Brazil>	<hasGDP>	"2140000000000"^^<yagoMonetaryValue>
	<Brazil>	<hasGini>	"51.5"^^xsd:decimal
	<Brazil>	<hasImport>	"143000000000"^^<dollar>
	<Brazil>	<hasInflation>	"4.01"^^<percent>
	<Brazil>	<hasLatitude>	"-10.0"^^<degrees>
	<Brazil>	<hasLongitude>	"-52.0"^^<degrees>
	<Brazil>	<hasMotto>	"Français"
	<Brazil>	<hasMotto>	"Ordem e Progresso"
	<Brazil>	<hasNumberOfPeople>	"2015"^^xsd:integer
	<Brazil>	<hasNumberOfPeople>	"204259812"^^xsd:integer
	<Brazil>	<hasNumberOfPeople>	"204860000"^^xsd:integer
	<Brazil>	<hasNumberOfPeople>	"206081432"^^xsd:integer
	<Brazil>	<hasNumberOfPeople>	"207350000"^^xsd:integer
	<Brazil>	<hasPopulationDensity>	"23.8"^^</km2>
	<Brazil>	<hasPoverty>	"18.4"^^<percent>
	<Brazil>	<hasTLD>	".br"
	<Brazil>	<hasUnemployment>	"15.5"^^<percent>
	<Brazil>	<hasUnemployment>	"2017"^^<percent>
	<Brock_Lesnar>	<hasHeight>	"1.91"^^<m>
	<Brock_Lesnar>	<hasWeight>	"130000"^^<g>
	<Canada>	<hasArea>	"9984670"^^<km2>
	<Canada>	<hasEconomicGrowth>	"0.5"^^<percent>
	<Canada>	<hasExpenses>	"750000000000"^^<dollar>
	<Canada>	<hasExport>	"402400000000"^^<dollar>
	<Canada>	<hasGDP>	"1532000000000"^^<dollar>
	<Canada>	<hasGDP>	"1532000000000"^^<yagoMonetaryValue>
	<Canada>	<hasGini>	"33.7"^^xsd:decimal
	<Canada>	<hasImport>	"419000000000"^^<dollar>
	<Canada>	<hasInflation>	"1"^^<percent>
	<Canada>	<hasLatitude>	"60.0"^^<degrees>
	<Canada>	<hasLongitude>	"-95.0"^^<degrees>
	<Canada>	<hasMotto>	"A Mari Usque Ad Mare"
	<Canada>	<hasMotto>	"A mari usque ad mare"
	<Canada>	<hasMotto>	"از این کران تا آن کران"
	<Canada>	<hasNumberOfPeople>	"35467949"^^xsd:integer
	<Canada>	<hasNumberOfPeople>	"35675834"^^xsd:integer
	<Canada>	<hasNumberOfPeople>	"36286425"^^xsd:integer
	<Canada>	<hasPopulationDensity>	"3.92"^^</km2>
	<Canada>	<hasPoverty>	"12.9"^^<percent>
	<Canada>	<hasRevenue>	"683000000000"^^<dollar>
	<Canada>	<hasTLD>	".ca"
	<Canada>	<hasUnemployment>	"2017"^^<percent>
	<Canada>	<hasUnemployment>	"6.8"^^<percent>
	<Chicago>	<hasLatitude>	"41.83694444444445"^^<degrees>
	<Chicago>	<hasLongitude>	"-87.68472222222222"^^<degrees>
	<Chicago>	<hasMotto>	"Urbs in Horto"
	<Chicago>	<hasNumberOfPeople>	"2695598"^^xsd:integer
	<Chicago>	<hasNumberOfPeople>	"2707120"^^xsd:integer
	<Chicago>	<hasNumberOfPeople>	"2722389"^^xsd:integer
	<Chicago>	<hasNumberOfPeople>	"9526434"^^xsd:integer
	<Chicago>	<hasPopulationDensity>	"4447.4"^^</km2>
	<China>	<hasArea>	"9596961"^^<km2>
	<China>	<hasEconomicGrowth>	"6.7"^^<percent>
	<China>	<hasExpenses>	"2300000000000"^^<dollar>
	<China>	<hasExport>	"2300000000000"^^<dollar>
	<China>	<hasGDP>	"11383000000000"^^<dollar>
	<China>	<hasGDP>	"11383000000000"^^<yagoMonetaryValue>
	<China>	<hasGini>	"46.2"^^xsd:decimal
	<China>	<hasImport>	"1700000000000"^^<dollar>
	<China>	<hasInflation>	"1.4"^^<percent>
	<China>	<hasLatitude>	"35.0"^^<degrees>
	<China>	<hasLongitude>	"103.0"^^<degrees>
	<China>	<hasNumberOfPeople>	"1373541278"^^xsd:integer
	<China>	<hasNumberOfPeople>	"1376049000"^^xsd:integer
	<China>	<hasPopulationDensity>	"145"^^</km2>
	<China>	<hasPoverty>	"5.1"^^<percent>
	<China>	<hasRevenue>	"2100000000000"^^<dollar>
	<China>	<hasTLD>	".cn"
	<China>	<hasUnemployment>	"2015"^^<percent>
	<China>	<hasUnemployment>	"4.1"^^<percent>
	<Conor_McGregor>	<hasHeight>	"1.75"^^<m>
	<Conor_McGregor>	<hasWeight>	"70000"^^<g>
	<Cristiano_Ronaldo>	<hasHeight>	"1.85"^^<m>
	<David_Beckham>	<hasHeight>	"1.83"^^<m>
	<Dwayne_Johnson>	<hasHeight>	"1.93"^^<m>
	<Dwayne_Johnson>	<hasWeight>	"120000"^^<g>
	<Egypt>	<hasArea>	"1010407.87"^^<km2>
	<Egypt>	<hasEconomicGrowth>	"2.9"^^<percent>
	<Egypt>	<hasExpenses>	"100800000000"^^<dollar>
	<Egypt>	<hasExport>	"20880000000"^^<dollar>
	<Egypt>	<hasGDP>	"330765000000"^^<dollar>
	<Egypt>	<hasGDP>	"330765000000"^^<yagoMonetaryValue>
	<Egypt>	<hasGini>	"30.8"^^xsd:decimal
	<Egypt>	<hasImport>	"57910000000"^^<dollar>
	<Egypt>	<hasInflation>	"30.1"^^<percent>
	<Egypt>	<hasLatitude>	"26.0"^^<degrees>
	<Egypt>	<hasLongitude>	"30.0"^^<degrees>
	<Egypt>	<hasNumberOfPeople>	"0"^^xsd:integer
	<Egypt>	<hasNumberOfPeople>	"1"^^xsd:integer
	<Egypt>	<hasNumberOfPeople>	"2014"^^xsd:integer
	<Egypt>	<hasNumberOfPeople>	"87182703"^^xsd:integer
	<Egypt>	<hasNumberOfPeople>	"92256561"^^xsd:integer
	<Egypt>	<hasPopulationDensity>	"90"^^</km2>
	<Egypt>	<hasPoverty>	"26"^^<percent>
	<Egypt>	<hasRevenue>	"70000000000"^^<dollar>
	<Egypt>	<hasTLD>	".eg"
	<Egypt>	<hasUnemployment>	"12.4"^^<percent>
	<Egypt>	<hasUnemployment>	"2016"^^<percent>
	<England>	<hasArea>	"130279"^^<km2>
	<England>	<hasMotto>	"Dieu et mon droit"
	<England>	<hasNumberOfPeople>	"54316600"^^xsd:integer
	<England>	<hasNumberOfPeople>	"54786300"^^xsd:integer
	<England>	<hasNumberOfPeople>	"55012456"^^xsd:integer
	<England>	<hasPopulationDensity>	"420.5"^^</km2>
	<England>	<hasTLD>	".uk"
	<FC_Barcelona>	<hasMotto>	"Més que un club"
	<FC_Bayern_Munich>	<hasLatitude>	"48.101844444444446"^^<degrees>
	<FC_Bayern_Munich>	<hasLongitude>	"11.572777777777777"^^<degrees>
	<Facebook>	<hasLatitude>	"37.4848"^^<degrees>
	<Facebook>	<hasLongitude>	"-122.1484"^^<degrees>
	<Facebook>	<hasNumberOfPeople>	"17048"^^xsd:integer
	<Facebook>	<hasNumberOfPeople>	"18770"^^xsd:integer
	<Facebook>	<hasNumberOfPeople>	"2016"^^xsd:integer
	<Facebook>	<hasNumberOfPeople>	"2017"^^xsd:integer
	<Facebook>	<hasNumberOfPeople>	"31"^^xsd:integer
	<Fifty_Shades_of_Grey>	<hasPages>	"514"^^xsd:integer
	<France>	<hasArea>	"643801"^^<km2>
	<France>	<hasEconomicGrowth>	"1.3"^^<percent>
	<France>	<hasExpenses>	"1500000000000"^^<dollar>
	<France>	<hasExport>	"505400000000"^^<dollar>
	<France>	<hasGDP>	"2420000000000"^^<dollar>
	<France>	<hasGini>	"30.1"^^xsd:decimal
	<France>	<hasImport>	"525400000000"^^<dollar>
	<France>	<hasInflation>	"1.4"^^<percent>
	<France>	<hasLatitude>	"47.0"^^<degrees>
	<France>	<hasLongitude>	"2.0"^^<degrees>
	<France>	<hasMotto>	"Liberté, Egalité, Fraternité"
	<France>	<hasMotto>	"Liberté, Égalité, Fraternité"
	<France>	<hasMotto>	"Liberté, égalité, fraternité"
	<France>	<hasMotto>	"آزادی، برابری، برادری"
	<France>	<hasNumberOfPeople>	"66991000"^^xsd:integer
	<France>	<hasNumberOfPeople>	"67013000"^^xsd:integer
	<France>	<hasNumberOfPeople>	"67595000"^^xsd:integer
	<France>	<hasPopulationDensity>	"116"^^</km2>
	<France>	<hasPoverty>	"7.7"^^<percent>
	<France>	<hasRevenue>	"1300000000000"^^<dollar>
	<France>	<hasTLD>	".fr"
	<France>	<hasUnemployment>	"2016"^^<percent>
	<France>	<hasUnemployment>	"9.6"^^<percent>
	<France>	<hasUnemployment>	"9.9"^^<percent>
	<Frankenstein>	<hasPages>	"280"^^xsd:integer
	<Germany>	<hasArea>	"357168"^^<km2>
	<Germany>	<hasEconomicGrowth>	"1.9"^^<percent>
	<Germany>	<hasExpenses>	"1000000000000"^^<dollar>
	<Germany>	<hasExport>	"1500000000000"^^<dollar>
	<Germany>	<hasGDP>	"3371000000000"^^<dollar>
	<Germany>	<hasGDP>	"3371000000000"^^<yagoMonetaryValue>
	<Germany>	<hasGini>	"30.7"^^xsd:decimal
	<Germany>	<hasImport>	"1300000000000"^^<dollar>
	<Germany>	<hasInflation>	"0.5"^^<percent>
	<Germany>	<hasLatitude>	"51.0"^^<degrees>
	<Germany>	<hasLongitude>	"9.0"^^<degrees>
	<Germany>	<hasMotto>	"Einigkeit und Recht und Freiheit"
	<Germany>	<hasNumberOfPeople>	"82175684"^^xsd:integer
	<Germany>	<hasNumberOfPeople>	"82175700"^^xsd:integer
	<Germany>	<hasNumberOfPeople>	"82800000"^^xsd:integer
	<Germany>	<hasPopulationDensity>	"227"^^</km2>
	<Germany>	<hasPoverty>	"15.5"^^<percent>
	<Germany>	<hasRevenue>	"1100000000000"^^<dollar>
	<Germany>	<hasTLD>	".de"
	<Germany>	<hasUnemployment>	"2016"^^<percent>
	<Germany>	<hasUnemployment>	"3.9"^^<percent>
	<Google>	<hasNumberOfPeople>	"2"^^xsd:integer
	<Google>	<hasNumberOfPeople>	"2014"^^xsd:integer
	<Google>	<hasNumberOfPeople>	"2015"^^xsd:integer
	<Google>	<hasNumberOfPeople>	"2016"^^xsd:integer
	<Google>	<hasNumberOfPeople>	"53600"^^xsd:integer
	<Google>	<hasNumberOfPeople>	"57100"^^xsd:integer
	<Google>	<hasNumberOfPeople>	"57148"^^xsd:integer
	<Greece>	<hasArea>	"131957"^^<km2>
	<Greece>	<hasEconomicGrowth>	"0.5"^^<percent>
	<Greece>	<hasGDP>	"194248000000"^^<dollar>
	<Greece>	<hasGini>	"34.2"^^xsd:decimal
	<Greece>	<hasInflation>	"1.6"^^<percent>
	<Greece>	<hasLatitude>	"39.0"^^<degrees>
	<Greece>	<hasLongitude>	"22.0"^^<degrees>
	<Greece>	<hasMotto>	"«Ελευθερία ή Θάνατος»"
	<Greece>	<hasMotto>	"Ελευθερία ή Θάνατος"
	<Greece>	<hasMotto>	"Ελευθερία ή θάνατος"
	<Greece>	<hasNumberOfPeople>	"10815197"^^xsd:integer
	<Greece>	<hasNumberOfPeople>	"10955000"^^xsd:integer
	<Greece>	<hasNumberOfPeople>	"10995000"^^xsd:integer
	<Greece>	<hasNumberOfPeople>	"2015"^^xsd:integer
	<Greece>	<hasPopulationDensity>	"82"^^</km2>
	<Greece>	<hasPoverty>	"35.7"^^<percent>
	<Greece>	<hasTLD>	".gr"
	<Greece>	<hasUnemployment>	"23.2"^^<percent>
	<Hong_Kong>	<hasArea>	"2755"^^<km2>
	<Hong_Kong>	<hasEconomicGrowth>	"7.2"^^<percent>
	<Hong_Kong>	<hasExpenses>	"54230000000"^^<dollar>
	<Hong_Kong>	<hasExport>	"528200000000"^^<dollar>
	<Hong_Kong>	<hasGDP>	"310074000000"^^<dollar>
	<Hong_Kong>	<hasGDP>	"310074000000"^^<yagoMonetaryValue>
	<Hong_Kong>	<hasGini>	"53.7"^^xsd:decimal
	<Hong_Kong>	<hasImport>	"560200000000"^^<dollar>
	<Hong_Kong>	<hasInflation>	"3.6"^^<percent>
	<Hong_Kong>	<hasLatitude>	"22.3"^^<degrees>
	<Hong_Kong>	<hasLongitude>	"114.2"^^<degrees>
	<Hong_Kong>	<hasNumberOfPeople>	"1"^^xsd:integer
	<Hong_Kong>	<hasNumberOfPeople>	"7234800"^^xsd:integer
	<Hong_Kong>	<hasNumberOfPeople>	"7374900"^^xsd:integer
	<Hong_Kong>	<hasPopulationDensity>	"6544"^^</km2>
	<Hong_Kong>	<hasRevenue>	"59330000000"^^<dollar>
	<Hong_Kong>	<hasTLD>	".hk"
	<Hong_Kong>	<hasUnemployment>	"2011"^^<percent>
	<Hong_Kong>	<hasUnemployment>	"3.2"^^<percent>
	<India>	<hasArea>	"3287263"^^<km2>
	<India>	<hasEconomicGrowth>	"7.2"^^<percent>
	<India>	<hasExport>	"272400000000"^^<dollar>
	<India>	<hasGDP>	"2454000000000"^^<dollar>
	<India>	<hasGDP>	"2454000000000"^^<yagoMonetaryValue>
	<India>	<hasGini>	"33.9"^^xsd:decimal
	<India>	<hasImport>	"409200000000"^^<dollar>
	<India>	<hasInflation>	"2.99"^^<percent>
	<India>	<hasLatitude>	"21.0"^^<degrees>
	<India>	<hasLongitude>	"78.0"^^<degrees>
	<India>	<hasMotto>	"Sanskrit"
	<India>	<hasMotto>	"Satyameva Jayate"
	<India>	<hasMotto>	"Satyameva jayate"
	<India>	<hasNumberOfPeople>	"1251695584"^^xsd:integer
	<India>	<hasNumberOfPeople>	"1326572000"^^xsd:integer
	<India>	<hasNumberOfPeople>	"2017"^^xsd:integer
	<India>	<hasPopulationDensity>	"1"^^</km2>
	<India>	<hasPopulationDensity>	"3287263"^^</km2>
	<India>	<hasPoverty>	"12.4"^^<percent>
	<India>	<hasTLD>	".in"
	<India>	<hasUnemployment>	"2016"^^<percent>
	<India>	<hasUnemployment>	"4.9"^^<percent>
	<India>	<hasUnemployment>	"5.0"^^<percent>
	<India>	<hasUnemployment>	"5.1"^^<percent>
	<Indonesia>	<hasArea>	"1904569"^^<km2>
	<Indonesia>	<hasEconomicGrowth>	"5.0"^^<percent>
	<Indonesia>	<hasExpenses>	"160600000000"^^<dollar>
	<Indonesia>	<hasExport>	"144400000000"^^<dollar>
	<Indonesia>	<hasGDP>	"1020000000000"^^<dollar>
	<Indonesia>	<hasGDP>	"1020000000000"^^<yagoMonetaryValue>
	<Indonesia>	<hasGini>	"39.0"^^xsd:decimal
	<Indonesia>	<hasImport>	"135600000000"^^<dollar>
	<Indonesia>	<hasInflation>	"3.02"^^<percent>
	<Indonesia>	<hasLatitude>	"-5.0"^^<degrees>
	<Indonesia>	<hasLongitude>	"120.0"^^<degrees>
	<Indonesia>	<hasMotto>	"Bhinneka Tunggal Ika"
	<Indonesia>	<hasMotto>	"Bhinneka Tunggal lka"
	<Indonesia>	<hasMotto>	"National ideology"
	<Indonesia>	<hasMotto>	"Pancasila"
	<Indonesia>	<hasMotto>	"Unity in Diversity"
	<Indonesia>	<hasNumberOfPeople>	"263510000"^^xsd:decimal
	<Indonesia>	<hasPopulationDensity>	"124.66"^^</km2>
	<Indonesia>	<hasPoverty>	"11.3"^^<percent>
	<Indonesia>	<hasRevenue>	"140800000000"^^<dollar>
	<Indonesia>	<hasTLD>	".id"
	<Indonesia>	<hasUnemployment>	"2016"^^<percent>
	<Indonesia>	<hasUnemployment>	"6.3"^^<percent>
	<Iran>	<hasArea>	"1648195"^^<km2>
	<Iran>	<hasEconomicGrowth>	"4.8"^^<percent>
	<Iran>	<hasExpenses>	"68720000000"^^<dollar>
	<Iran>	<hasExport>	"87520000000"^^<dollar>
	<Iran>	<hasGDP>	"438300000000"^^<dollar>
	<Iran>	<hasGDP>	"438300000000"^^<yagoMonetaryValue>
	<Iran>	<hasGini>	"37.4"^^xsd:decimal
	<Iran>	<hasImport>	"62120000000"^^<dollar>
	<Iran>	<hasInflation>	"13.7"^^<percent>
	<Iran>	<hasInflation>	"6.8"^^<percent>
	<Iran>	<hasLatitude>	"32.0"^^<degrees>
	<Iran>	<hasLongitude>	"53.0"^^<degrees>
	<Iran>	<hasNumberOfPeople>	"75149669"^^xsd:integer
	<Iran>	<hasNumberOfPeople>	"82800000"^^xsd:integer
	<Iran>	<hasNumberOfPeople>	"82801633"^^xsd:integer
	<Iran>	<hasPopulationDensity>	"48"^^</km2>
	<Iran>	<hasPoverty>	"0.1"^^<percent>
	<Iran>	<hasRevenue>	"61950000000"^^<dollar>
	<Iran>	<hasTLD>	".ir"
	<Iran>	<hasUnemployment>	"10.3"^^<percent>
	<Iran>	<hasUnemployment>	"2016"^^<percent>
	<Ireland>	<hasArea>	"84421"^^<km2>
	<Ireland>	<hasLatitude>	"53.416666666666664"^^<degrees>
	<Ireland>	<hasLongitude>	"-8.0"^^<degrees>
	<Ireland>	<hasNumberOfPeople>	"5981448"^^xsd:integer
	<Ireland>	<hasNumberOfPeople>	"6197100"^^xsd:integer
	<Ireland>	<hasNumberOfPeople>	"6378000"^^xsd:integer
	<Israel>	<hasArea>	"20770"^^<km2>
	<Israel>	<hasEconomicGrowth>	"3.8"^^<percent>
	<Israel>	<hasExpenses>	"75650000000"^^<dollar>
	<Israel>	<hasExport>	"62500000000"^^<dollar>
	<Israel>	<hasGDP>	"339990000000"^^<dollar>
	<Israel>	<hasGDP>	"339990000000"^^<yagoMonetaryValue>
	<Israel>	<hasGini>	"37.6"^^xsd:decimal
	<Israel>	<hasImport>	"70620000000"^^<dollar>
	<Israel>	<hasInflation>	"0.5"^^<percent>
	<Israel>	<hasLatitude>	"31.0"^^<degrees>
	<Israel>	<hasLongitude>	"35.0"^^<degrees>
	<Israel>	<hasNumberOfPeople>	"8368400"^^xsd:integer
	<Israel>	<hasPopulationDensity>	"392"^^</km2>
	<Israel>	<hasPoverty>	"21"^^<percent>
	<Israel>	<hasRevenue>	"68290000000"^^<dollar>
	<Israel>	<hasTLD>	".il"
	<Israel>	<hasUnemployment>	"2015"^^<percent>
	<Israel>	<hasUnemployment>	"4.9"^^<percent>
	<Israel>	<hasUnemployment>	"56"^^<percent>
	<Istanbul>	<hasLatitude>	"41.01361111111111"^^<degrees>
	<Istanbul>	<hasLongitude>	"28.955"^^<degrees>
	<Istanbul>	<hasNumberOfPeople>	"14025646"^^xsd:integer
	<Istanbul>	<hasNumberOfPeople>	"14657434"^^xsd:integer
	<Istanbul>	<hasNumberOfPeople>	"14804116"^^xsd:integer
	<Istanbul>	<hasPopulationDensity>	"12029"^^</km2>
	<Istanbul>	<hasPopulationDensity>	"7664"^^</km2>
	<Italy>	<hasArea>	"301338"^^<km2>
	<Italy>	<hasEconomicGrowth>	"0.2"^^<percent>
	<Italy>	<hasExpenses>	"1100000000000"^^<dollar>
	<Italy>	<hasExport>	"436300000000"^^<dollar>
	<Italy>	<hasGDP>	"1850000000000"^^<dollar>
	<Italy>	<hasGDP>	"1850000000000"^^<yagoMonetaryValue>
	<Italy>	<hasGini>	"32.7"^^xsd:decimal
	<Italy>	<hasImport>	"372200000000"^^<dollar>
	<Italy>	<hasInflation>	"1.9"^^<percent>
	<Italy>	<hasLatitude>	"43.0"^^<degrees>
	<Italy>	<hasLongitude>	"12.0"^^<degrees>
	<Italy>	<hasNumberOfPeople>	"60599936"^^xsd:integer
	<Italy>	<hasNumberOfPeople>	"60674003"^^xsd:integer
	<Italy>	<hasPopulationDensity>	"201.3"^^</km2>
	<Italy>	<hasPoverty>	"24.7"^^<percent>
	<Italy>	<hasPoverty>	"5.7"^^<percent>
	<Italy>	<hasRevenue>	"1000000000000"^^<dollar>
	<Italy>	<hasTLD>	".it"
	<Italy>	<hasUnemployment>	"11.5"^^<percent>
	<Italy>	<hasUnemployment>	"2017"^^<percent>
	<Japan>	<hasArea>	"377972.28"^^<km2>
	<Japan>	<hasEconomicGrowth>	"0.3"^^<percent>
	<Japan>	<hasExpenses>	"2150000000000"^^<dollar>
	<Japan>	<hasExport>	"697000000000"^^<dollar>
	<Japan>	<hasGDP>	"4841000000000"^^<dollar>
	<Japan>	<hasGini>	"37.6"^^xsd:decimal
	<Japan>	<hasImport>	"767000000000"^^<dollar>
	<Japan>	<hasLatitude>	"35.0"^^<degrees>
	<Japan>	<hasLongitude>	"136.0"^^<degrees>
	<Japan>	<hasMotto>	"Aucune"
	<Japan>	<hasMotto>	"Pokój i Postęp"
	<Japan>	<hasNumberOfPeople>	"127103388"^^xsd:integer
	<Japan>	<hasNumberOfPeople>	"683"^^xsd:integer
	<Japan>	<hasPopulationDensity>	"336"^^</km2>
	<Japan>	<hasPoverty>	"16"^^<percent>
	<Japan>	<hasRevenue>	"1740000000000"^^<dollar>
	<Japan>	<hasTLD>	".jp"
	<Japan>	<hasUnemployment>	"2015"^^<percent>
	<Japan>	<hasUnemployment>	"3.4"^^<percent>
	<Java>	<hasLatitude>	"-7.491666666666667"^^<degrees>
	<Java>	<hasLongitude>	"110.00444444444445"^^<degrees>
	<Jerusalem>	<hasLatitude>	"31.783333333333335"^^<degrees>
	<Jerusalem>	<hasLongitude>	"35.21666666666667"^^<degrees>
	<Jerusalem>	<hasMotto>	"brak"
	<Jerusalem>	<hasNumberOfPeople>	"371844"^^xsd:integer
	<Jerusalem>	<hasNumberOfPeople>	"400000"^^xsd:integer
	<Jerusalem>	<hasNumberOfPeople>	"800000"^^xsd:integer
	<Jerusalem>	<hasNumberOfPeople>	"933200"^^xsd:integer
	<Jerusalem>	<hasPopulationDensity>	"6917.1"^^</km2>
	<John_Cena>	<hasHeight>	"1.85"^^<m>
	<John_Cena>	<hasWeight>	"114000"^^<g>
	<Juventus_F.C.>	<hasNumberOfPeople>	"15"^^xsd:integer
	<Juventus_F.C.>	<hasNumberOfPeople>	"16"^^xsd:integer
	<Juventus_F.C.>	<hasNumberOfPeople>	"2014"^^xsd:integer
	<Juventus_F.C.>	<hasNumberOfPeople>	"2015"^^xsd:integer
	<Juventus_F.C.>	<hasNumberOfPeople>	"698"^^xsd:integer
	<Juventus_F.C.>	<hasNumberOfPeople>	"785"^^xsd:integer
	<Juventus_F.C.>	<hasRevenue>	"387900773"^^<euro>
	<Kim_Kardashian>	<hasHeight>	"1.59"^^<m>
	<Kobe_Bryant>	<hasHeight>	"1.98"^^<m>
	<LeBron_James>	<hasHeight>	"2.03"^^<m>
	<Lionel_Messi>	<hasHeight>	"1.69"^^<m>
	<Lolita>	<hasPages>	"336"^^xsd:integer
	<London>	<hasArea>	"1572"^^<km2>
	<London>	<hasLatitude>	"51.507222222222225"^^<degrees>
	<London>	<hasLongitude>	"-0.1275"^^<degrees>
	<London>	<hasMotto>	"Domine Dirige Nos"
	<London>	<hasNumberOfPeople>	"13879757"^^xsd:integer
	<London>	<hasNumberOfPeople>	"8416535"^^xsd:integer
	<London>	<hasNumberOfPeople>	"8673713"^^xsd:integer
	<London>	<hasPopulationDensity>	"5518"^^</km2>
	<Los_Angeles>	<hasArea>	"1302"^^<km2>
	<Los_Angeles>	<hasLatitude>	"34.05"^^<degrees>
	<Los_Angeles>	<hasLongitude>	"-118.25"^^<degrees>
	<Los_Angeles>	<hasNumberOfPeople>	"18679763"^^xsd:integer
	<Los_Angeles>	<hasNumberOfPeople>	"3928864"^^xsd:integer
	<Los_Angeles>	<hasNumberOfPeople>	"3971883"^^xsd:integer
	<Los_Angeles>	<hasNumberOfPeople>	"4042000"^^xsd:integer
	<Macau>	<hasArea>	"115.3"^^<km2>
	<Macau>	<hasEconomicGrowth>	"11.9"^^<percent>
	<Macau>	<hasExpenses>	"6934000000"^^<dollar>
	<Macau>	<hasExport>	"1137000000"^^<dollar>
	<Macau>	<hasGDP>	"51753000000"^^<dollar>
	<Macau>	<hasGDP>	"51753000000"^^<yagoMonetaryValue>
	<Macau>	<hasImport>	"10130000000"^^<dollar>
	<Macau>	<hasInflation>	"6"^^<percent>
	<Macau>	<hasLatitude>	"22.166666666666668"^^<degrees>
	<Macau>	<hasLongitude>	"113.55"^^<degrees>
	<Macau>	<hasNumberOfPeople>	"2015"^^xsd:integer
	<Macau>	<hasNumberOfPeople>	"31"^^xsd:integer
	<Macau>	<hasNumberOfPeople>	"647700"^^xsd:integer
	<Macau>	<hasNumberOfPeople>	"650900"^^xsd:integer
	<Macau>	<hasPopulationDensity>	"21411"^^</km2>
	<Macau>	<hasRevenue>	"16950000000"^^<dollar>
	<Macau>	<hasTLD>	".mo"
	<Macau>	<hasUnemployment>	"1.9"^^<percent>
	<Macau>	<hasUnemployment>	"2013"^^<percent>
	<Manchester_City_F.C.>	<hasMotto>	"Superbia in Proelia"
	<Manny_Pacquiao>	<hasHeight>	"1.69"^^<m>
	<Megan_Fox>	<hasHeight>	"1.63"^^<m>
	<Mexico>	<hasArea>	"1972550"^^<km2>
	<Mexico>	<hasEconomicGrowth>	"2.3"^^<percent>
	<Mexico>	<hasExpenses>	"263800000000"^^<dollar>
	<Mexico>	<hasExport>	"359300000000"^^<dollar>
	<Mexico>	<hasGDP>	"987300000000"^^<dollar>
	<Mexico>	<hasGini>	"48.1"^^xsd:decimal
	<Mexico>	<hasImport>	"372800000000"^^<dollar>
	<Mexico>	<hasInflation>	"2.5"^^<percent>
	<Mexico>	<hasLatitude>	"23.0"^^<degrees>
	<Mexico>	<hasLongitude>	"-102.0"^^<degrees>
	<Mexico>	<hasNumberOfPeople>	"119530753"^^xsd:integer
	<Mexico>	<hasNumberOfPeople>	"119713203"^^xsd:integer
	<Mexico>	<hasPopulationDensity>	"61"^^</km2>
	<Mexico>	<hasPoverty>	"13.8"^^<percent>
	<Mexico>	<hasRevenue>	"234300000000"^^<dollar>
	<Mexico>	<hasTLD>	".mx"
	<Mexico>	<hasUnemployment>	"2015"^^<percent>
	<Mexico>	<hasUnemployment>	"6.5"^^<percent>
	<Michael_Jordan>	<hasHeight>	"1.98"^^<m>
	<Michael_Jordan>	<hasWeight>	"100000"^^<g>
	<Michael_Phelps>	<hasHeight>	"1.94"^^<m>
	<Michael_Phelps>	<hasWeight>	"84000"^^<g>
	<Mike_Tyson>	<hasHeight>	"1.80"^^<m>
	<Monaco>	<hasArea>	"2.02"^^<km2>
	<Monaco>	<hasGDP>	"12.5"^^<yagoMonetaryValue>
	<Monaco>	<hasGDP>	"5.424"^^<yagoMonetaryValue>
	<Monaco>	<hasGDP>	"5424000000"^^<dollar>
	<Monaco>	<hasLatitude>	"43.733333333333334"^^<degrees>
	<Monaco>	<hasLongitude>	"7.416666666666667"^^<degrees>
	<Monaco>	<hasMotto>	"Deo Juvante"
	<Monaco>	<hasNumberOfPeople>	"38400"^^xsd:integer
	<Monaco>	<hasPopulationDensity>	"18713"^^</km2>
	<Monaco>	<hasTLD>	".mc"
	<Montreal>	<hasArea>	"431.50"^^<km2>
	<Montreal>	<hasLatitude>	"45.5"^^<degrees>
	<Montreal>	<hasLongitude>	"-73.56666666666666"^^<degrees>
	<Montreal>	<hasMotto>	"Concordia Salus"
	<Montreal>	<hasMotto>	"هماهنگی بهروزی است"
	<Montreal>	<hasNumberOfPeople>	"1649519"^^xsd:integer
	<Montreal>	<hasNumberOfPeople>	"1698062"^^xsd:integer
	<Montreal>	<hasNumberOfPeople>	"1704694"^^xsd:integer
	<Montreal>	<hasPopulationDensity>	"4662.1"^^</km2>
	<Muhammad>	<hasLatitude>	"24.46756111111111"^^<degrees>
	<Muhammad>	<hasLongitude>	"39.61143888888889"^^<degrees>
	<Muhammad_Ali>	<hasHeight>	"1.91"^^<m>
	<Mumbai>	<hasArea>	"603"^^<km2>
	<Mumbai>	<hasLatitude>	"18.974999999999998"^^<degrees>
	<Mumbai>	<hasLongitude>	"72.82583333333334"^^<degrees>
	<Mumbai>	<hasNumberOfPeople>	"12442373"^^xsd:integer
	<Mumbai>	<hasNumberOfPeople>	"12478447"^^xsd:integer
	<Mumbai>	<hasNumberOfPeople>	"18414288"^^xsd:integer
	<Netherlands>	<hasArea>	"41543"^^<km2>
	<Netherlands>	<hasEconomicGrowth>	"2.1"^^<percent>
	<Netherlands>	<hasExpenses>	"324600000000"^^<dollar>
	<Netherlands>	<hasExport>	"488300000000"^^<dollar>
	<Netherlands>	<hasGDP>	"762694000000"^^<dollar>
	<Netherlands>	<hasGDP>	"762694000000"^^<yagoMonetaryValue>
	<Netherlands>	<hasGini>	"26.2"^^xsd:decimal
	<Netherlands>	<hasImport>	"404600000000"^^<dollar>
	<Netherlands>	<hasInflation>	"0.2"^^<percent>
	<Netherlands>	<hasLatitude>	"52.31666666666667"^^<degrees>
	<Netherlands>	<hasLongitude>	"5.55"^^<degrees>
	<Netherlands>	<hasMotto>	"Eendracht maakt macht"
	<Netherlands>	<hasMotto>	"I will uphold"
	<Netherlands>	<hasMotto>	"If God be with us who can be against us"
	<Netherlands>	<hasMotto>	"Ik zal handhaven"
	<Netherlands>	<hasMotto>	"Je maintiendrai"
	<Netherlands>	<hasMotto>	"Si Deus nobiscum quis contra nos"
	<Netherlands>	<hasMotto>	"Unity makes strength"
	<Netherlands>	<hasMotto>	"concordia res parvae crescunt"
	<Netherlands>	<hasNumberOfPeople>	"16979120"^^xsd:integer
	<Netherlands>	<hasNumberOfPeople>	"17100475"^^xsd:integer
	<Netherlands>	<hasPopulationDensity>	"1"^^</km2>
	<Netherlands>	<hasPopulationDensity>	"41526"^^</km2>
	<Netherlands>	<hasPoverty>	"9.1"^^<percent>
	<Netherlands>	<hasRevenue>	"327700000000"^^<dollar>
	<Netherlands>	<hasTLD>	".nl"
	<Netherlands>	<hasUnemployment>	"2017"^^<percent>
	<Netherlands>	<hasUnemployment>	"5.3"^^<percent>
	<New_York_City>	<hasLatitude>	"40.7127"^^<degrees>
	<New_York_City>	<hasLongitude>	"-74.0059"^^<degrees>
	<New_York_City>	<hasNumberOfPeople>	"8491079"^^xsd:integer
	<New_York_City>	<hasNumberOfPeople>	"8550405"^^xsd:integer
	<New_Zealand>	<hasArea>	"268021"^^<km2>
	<New_Zealand>	<hasEconomicGrowth>	"3.5"^^<percent>
	<New_Zealand>	<hasExpenses>	"74900000000"^^<dollar>
	<New_Zealand>	<hasExport>	"61722000000"^^<dollar>
	<New_Zealand>	<hasGDP>	"169900000000"^^<dollar>
	<New_Zealand>	<hasGDP>	"169900000000"^^<yagoMonetaryValue>
	<New_Zealand>	<hasGini>	"33.0"^^xsd:decimal
	<New_Zealand>	<hasImport>	"59076000000"^^<dollar>
	<New_Zealand>	<hasInflation>	"1"^^<percent>
	<New_Zealand>	<hasLatitude>	"-42.0"^^<degrees>
	<New_Zealand>	<hasLongitude>	"174.0"^^<degrees>
	<New_Zealand>	<hasNumberOfPeople>	"4242048"^^xsd:integer
	<New_Zealand>	<hasPopulationDensity>	"1"^^</km2>
	<New_Zealand>	<hasPopulationDensity>	"268021"^^</km2>
	<New_Zealand>	<hasRevenue>	"74900000000"^^<dollar>
	<New_Zealand>	<hasTLD>	".nz"
	<New_Zealand>	<hasUnemployment>	"2016"^^<percent>
	<New_Zealand>	<hasUnemployment>	"5.7"^^<percent>
	<Neymar>	<hasHeight>	"1.74"^^<m>
	<North_Korea>	<hasArea>	"120540"^^<km2>
	<North_Korea>	<hasEconomicGrowth>	"-1.1"^^<percent>
	<North_Korea>	<hasExpenses>	"3000000000"^^<dollar>
	<North_Korea>	<hasExport>	"4000000000"^^<dollar>
	<North_Korea>	<hasGDP>	"25000000000"^^<dollar>
	<North_Korea>	<hasImport>	"5000000000"^^<dollar>
	<North_Korea>	<hasLatitude>	"40.0"^^<degrees>
	<North_Korea>	<hasLongitude>	"127.0"^^<degrees>
	<North_Korea>	<hasMotto>	"강성대국"
	<North_Korea>	<hasNumberOfPeople>	"24052231"^^xsd:integer
	<North_Korea>	<hasNumberOfPeople>	"25115311"^^xsd:integer
	<North_Korea>	<hasNumberOfPeople>	"25155317"^^xsd:integer
	<North_Korea>	<hasPopulationDensity>	"198.3"^^</km2>
	<North_Korea>	<hasRevenue>	"3000000000"^^<dollar>
	<North_Korea>	<hasTLD>	".kp"
	<Pakistan>	<hasArea>	"881913"^^<km2>
	<Pakistan>	<hasEconomicGrowth>	"4.0"^^<percent>
	<Pakistan>	<hasExpenses>	"57000000000"^^<dollar>
	<Pakistan>	<hasExport>	"30000000000"^^<dollar>
	<Pakistan>	<hasGDP>	"304400000000"^^<dollar>
	<Pakistan>	<hasGDP>	"304400000000"^^<yagoMonetaryValue>
	<Pakistan>	<hasGini>	"30.7"^^xsd:decimal
	<Pakistan>	<hasImport>	"50123000000"^^<dollar>
	<Pakistan>	<hasInflation>	"3.7"^^<percent>
	<Pakistan>	<hasLatitude>	"30.0"^^<degrees>
	<Pakistan>	<hasLongitude>	"70.0"^^<degrees>
	<Pakistan>	<hasMotto>	"Īmān, Ittiḥād, Naẓm"
	<Pakistan>	<hasNumberOfPeople>	"188020000"^^xsd:integer
	<Pakistan>	<hasNumberOfPeople>	"197322000"^^xsd:integer
	<Pakistan>	<hasPopulationDensity>	"244.4"^^</km2>
	<Pakistan>	<hasPoverty>	"11"^^<percent>
	<Pakistan>	<hasRevenue>	"45000000000"^^<dollar>
	<Pakistan>	<hasTLD>	".pk"
	<Pakistan>	<hasUnemployment>	"2015"^^<percent>
	<Pakistan>	<hasUnemployment>	"6.5"^^<percent>
	<Paris>	<hasArea>	"105.4"^^<km2>
	<Paris>	<hasLatitude>	"48.8567"^^<degrees>
	<Paris>	<hasLongitude>	"2.3508"^^<degrees>
	<Paris>	<hasMotto>	"Fluctuat nec mergitur"
	<Paris>	<hasNumberOfPeople>	"12405426"^^xsd:integer
	<Paris>	<hasNumberOfPeople>	"2229621"^^xsd:integer
	<Paris>	<hasNumberOfPeople>	"2243833"^^xsd:integer
	<Philadelphia>	<hasLatitude>	"39.95"^^<degrees>
	<Philadelphia>	<hasLongitude>	"-75.16666666666667"^^<degrees>
	<Philadelphia>	<hasMotto>	"Philadelphia maneto"
	<Philadelphia>	<hasNumberOfPeople>	"1526006"^^xsd:integer
	<Philadelphia>	<hasNumberOfPeople>	"1567442"^^xsd:integer
	<Philadelphia>	<hasPopulationDensity>	"4492.4"^^</km2>
	<Philippines>	<hasArea>	"2"^^<km2>
	<Philippines>	<hasEconomicGrowth>	"6.4"^^<percent>
	<Philippines>	<hasExpenses>	"65730000000"^^<dollar>
	<Philippines>	<hasExport>	"58827000000"^^<dollar>
	<Philippines>	<hasGDP>	"348593000000"^^<dollar>
	<Philippines>	<hasGDP>	"348593000000"^^<yagoMonetaryValue>
	<Philippines>	<hasGini>	"43.0"^^xsd:decimal
	<Philippines>	<hasImport>	"71067000000"^^<dollar>
	<Philippines>	<hasInflation>	"3.4"^^<percent>
	<Philippines>	<hasLatitude>	"13.0"^^<degrees>
	<Philippines>	<hasLongitude>	"122.0"^^<degrees>
	<Philippines>	<hasMotto>	"Maka-Diyos, Maka-Tao, Makakalikasan at Makabansa"
	<Philippines>	<hasNumberOfPeople>	"100003378"^^xsd:integer
	<Philippines>	<hasPopulationDensity>	"336.60"^^</km2>
	<Philippines>	<hasPoverty>	"21.6"^^<percent>
	<Philippines>	<hasRevenue>	"58970000000"^^<dollar>
	<Philippines>	<hasTLD>	".ph"
	<Philippines>	<hasUnemployment>	"2016"^^<percent>
	<Philippines>	<hasUnemployment>	"4.7"^^<percent>
	<Pompeii>	<hasArea>	"64"^^<km2>
	<Pompeii>	<hasLatitude>	"40.75"^^<degrees>
	<Pompeii>	<hasLongitude>	"14.48611111111111"^^<degrees>
	<RMS_Titanic>	<hasLatitude>	"41.7325"^^<degrees>
	<RMS_Titanic>	<hasLongitude>	"-49.94694444444444"^^<degrees>
	<Rafael_Nadal>	<hasHeight>	"1.85"^^<m>
	<Rafael_Nadal>	<hasWeight>	"85000"^^<g>
	<Rangers_F.C.>	<hasMotto>	"Ready"
	<Rio_de_Janeiro>	<hasArea>	"1221"^^<km2>
	<Rio_de_Janeiro>	<hasLatitude>	"-22.90833333333333"^^<degrees>
	<Rio_de_Janeiro>	<hasLongitude>	"-43.19638888888888"^^<degrees>
	<Rio_de_Janeiro>	<hasNumberOfPeople>	"12620000"^^xsd:integer
	<Rio_de_Janeiro>	<hasNumberOfPeople>	"6093472"^^xsd:integer
	<Rio_de_Janeiro>	<hasNumberOfPeople>	"6429923"^^xsd:integer
	<Rio_de_Janeiro>	<hasNumberOfPeople>	"6433631"^^xsd:integer
	<Rio_de_Janeiro>	<hasNumberOfPeople>	"6453682"^^xsd:integer
	<Roger_Federer>	<hasHeight>	"1.85"^^<m>
	<Roger_Federer>	<hasWeight>	"85000"^^<g>
	<Rome>	<hasLatitude>	"41.9"^^<degrees>
	<Rome>	<hasLongitude>	"12.5"^^<degrees>
	<Rome>	<hasNumberOfPeople>	"2863873"^^xsd:integer
	<Rome>	<hasNumberOfPeople>	"2869461"^^xsd:integer
	<Rome>	<hasNumberOfPeople>	"2874038"^^xsd:integer
	<Ronaldinho>	<hasHeight>	"1.81"^^<m>
	<Ronda_Rousey>	<hasHeight>	"1.70"^^<m>
	<Ronda_Rousey>	<hasWeight>	"61000"^^<g>
	<Russia>	<hasArea>	"17075200"^^<km2>
	<Russia>	<hasEconomicGrowth>	"0.3"^^<percent>
	<Russia>	<hasExpenses>	"213000000000"^^<dollar>
	<Russia>	<hasExport>	"251000000000"^^<dollar>
	<Russia>	<hasGDP>	"1560000000000"^^<dollar>
	<Russia>	<hasGDP>	"1560000000000"^^<yagoMonetaryValue>
	<Russia>	<hasGini>	"40.1"^^xsd:decimal
	<Russia>	<hasImport>	"172000000000"^^<dollar>
	<Russia>	<hasInflation>	"5.4"^^<percent>
	<Russia>	<hasLatitude>	"60.0"^^<degrees>
	<Russia>	<hasLongitude>	"90.0"^^<degrees>
	<Russia>	<hasNumberOfPeople>	"144498215"^^xsd:integer
	<Russia>	<hasNumberOfPeople>	"146839000"^^xsd:integer
	<Russia>	<hasPopulationDensity>	"8.4"^^</km2>
	<Russia>	<hasPoverty>	"13.4"^^<percent>
	<Russia>	<hasRevenue>	"182000000000"^^<dollar>
	<Russia>	<hasTLD>	".ru"
	<Russia>	<hasUnemployment>	"2016"^^<percent>
	<Russia>	<hasUnemployment>	"5.4"^^<percent>
	<San_Francisco>	<hasLatitude>	"37.78333333333333"^^<degrees>
	<San_Francisco>	<hasLongitude>	"-122.41666666666667"^^<degrees>
	<San_Francisco>	<hasNumberOfPeople>	"805235"^^xsd:integer
	<San_Francisco>	<hasNumberOfPeople>	"852469"^^xsd:integer
	<San_Francisco>	<hasNumberOfPeople>	"8607423"^^xsd:integer
	<San_Francisco>	<hasNumberOfPeople>	"870887"^^xsd:integer
	<Seattle>	<hasArea>	"369.2"^^<km2>
	<Seattle>	<hasLatitude>	"47.609722222222224"^^<degrees>
	<Seattle>	<hasLongitude>	"-122.33305555555555"^^<degrees>
	<Seattle>	<hasNumberOfPeople>	"3552157"^^xsd:integer
	<Seattle>	<hasNumberOfPeople>	"608660"^^xsd:integer
	<Seattle>	<hasNumberOfPeople>	"634535"^^xsd:integer
	<Seattle>	<hasNumberOfPeople>	"640500"^^xsd:integer
	<Seattle>	<hasNumberOfPeople>	"684451"^^xsd:integer
	<Serena_Williams>	<hasHeight>	"1.75"^^<m>
	<Serena_Williams>	<hasWeight>	"70000"^^<g>
	<Shanghai>	<hasArea>	"6341"^^<km2>
	<Shanghai>	<hasLatitude>	"31.22861111111111"^^<degrees>
	<Shanghai>	<hasLongitude>	"121.47472222222223"^^<degrees>
	<Shanghai>	<hasNumberOfPeople>	"1"^^xsd:integer
	<Shanghai>	<hasNumberOfPeople>	"16831900"^^xsd:integer
	<Shanghai>	<hasNumberOfPeople>	"23019148"^^xsd:integer
	<Shanghai>	<hasNumberOfPeople>	"24152700"^^xsd:integer
	<Singapore>	<hasArea>	"719.1"^^<km2>
	<Singapore>	<hasEconomicGrowth>	"1.1"^^<percent>
	<Singapore>	<hasGDP>	"291860000000"^^<dollar>
	<Singapore>	<hasGDP>	"291860000000"^^<yagoMonetaryValue>
	<Singapore>	<hasGini>	"46.4"^^xsd:decimal
	<Singapore>	<hasInflation>	"1"^^<percent>
	<Singapore>	<hasLatitude>	"1.3"^^<degrees>
	<Singapore>	<hasLongitude>	"103.8"^^<degrees>
	<Singapore>	<hasMotto>	"Majulah Singapura"
	<Singapore>	<hasNumberOfPeople>	"5535000"^^xsd:integer
	<Singapore>	<hasNumberOfPeople>	"5607300"^^xsd:integer
	<Singapore>	<hasPopulationDensity>	"7797"^^</km2>
	<Singapore>	<hasTLD>	".sg"
	<Singapore>	<hasUnemployment>	"2"^^<percent>
	<Singapore>	<hasUnemployment>	"2015"^^<percent>
	<South_Africa>	<hasArea>	"1221037"^^<km2>
	<South_Africa>	<hasEconomicGrowth>	"1.6"^^<percent>
	<South_Africa>	<hasExpenses>	"116500000000"^^<dollar>
	<South_Africa>	<hasExport>	"91047000000"^^<dollar>
	<South_Africa>	<hasGDP>	"326541000000"^^<dollar>
	<South_Africa>	<hasGDP>	"326541000000"^^<yagoMonetaryValue>
	<South_Africa>	<hasGini>	"63.1"^^xsd:decimal
	<South_Africa>	<hasImport>	"121940000000"^^<dollar>
	<South_Africa>	<hasInflation>	"4.4"^^<percent>
	<South_Africa>	<hasLatitude>	"-30.0"^^<degrees>
	<South_Africa>	<hasLongitude>	"25.0"^^<degrees>
	<South_Africa>	<hasMotto>	"Unity in Diversity"
	<South_Africa>	<hasNumberOfPeople>	"2014"^^xsd:integer
	<South_Africa>	<hasNumberOfPeople>	"54002000"^^xsd:integer
	<South_Africa>	<hasNumberOfPeople>	"54956900"^^xsd:integer
	<South_Africa>	<hasPopulationDensity>	"42.4"^^</km2>
	<South_Africa>	<hasPoverty>	"26.2"^^<percent>
	<South_Africa>	<hasRevenue>	"95270000000"^^<dollar>
	<South_Africa>	<hasTLD>	".za"
	<South_Africa>	<hasUnemployment>	"2016"^^<percent>
	<South_Africa>	<hasUnemployment>	"27.1"^^<percent>
	<Spain>	<hasArea>	"505990"^^<km2>
	<Spain>	<hasEconomicGrowth>	"3.2"^^xsd:decimal
	<Spain>	<hasGDP>	"1232000000000"^^<dollar>
	<Spain>	<hasGDP>	"1232000000000"^^<yagoMonetaryValue>
	<Spain>	<hasGini>	"33.7"^^xsd:decimal
	<Spain>	<hasLatitude>	"40.0"^^<degrees>
	<Spain>	<hasLongitude>	"-4.0"^^<degrees>
	<Spain>	<hasMotto>	"Further Beyond"
	<Spain>	<hasMotto>	"Plus Ultra"
	<Spain>	<hasMotto>	"lat."
	<Spain>	<hasNumberOfPeople>	"46438422"^^xsd:integer
	<Spain>	<hasPopulationDensity>	"92"^^</km2>
	<Spain>	<hasTLD>	".es"
	<Spain>	<hasUnemployment>	"18.6"^^<percent>
	<Spain>	<hasUnemployment>	"2016"^^<percent>
	<Sparta>	<hasLatitude>	"37.081944444444446"^^<degrees>
	<Sparta>	<hasLongitude>	"22.42361111111111"^^<degrees>
	<Sweden>	<hasArea>	"450295"^^<km2>
	<Sweden>	<hasGDP>	"517440000000"^^<dollar>
	<Sweden>	<hasGDP>	"517440000000"^^<yagoMonetaryValue>
	<Sweden>	<hasGini>	"25.4"^^xsd:decimal
	<Sweden>	<hasLatitude>	"63.0"^^<degrees>
	<Sweden>	<hasLongitude>	"16.0"^^<degrees>
	<Sweden>	<hasNumberOfPeople>	"10012614"^^xsd:integer
	<Sweden>	<hasNumberOfPeople>	"2017"^^xsd:integer
	<Sweden>	<hasPopulationDensity>	"24.5"^^</km2>
	<Sweden>	<hasTLD>	".se"
	<Switzerland>	<hasArea>	"41285"^^<km2>
	<Switzerland>	<hasEconomicGrowth>	"1.8"^^<percent>
	<Switzerland>	<hasExpenses>	"19312"^^<dollar>
	<Switzerland>	<hasGDP>	"651770000000"^^<dollar>
	<Switzerland>	<hasGDP>	"651770000000"^^<yagoMonetaryValue>
	<Switzerland>	<hasGini>	"29.5"^^xsd:decimal
	<Switzerland>	<hasInflation>	"-0.01"^^<percent>
	<Switzerland>	<hasLatitude>	"46.833333333333336"^^<degrees>
	<Switzerland>	<hasLongitude>	"8.333333333333334"^^<degrees>
	<Switzerland>	<hasMotto>	"Einer für alle, alle für einen"
	<Switzerland>	<hasMotto>	"Latein"
	<Switzerland>	<hasMotto>	"Unus pro omnibus, omnes pro uno"
	<Switzerland>	<hasNumberOfPeople>	"0"^^xsd:integer
	<Switzerland>	<hasNumberOfPeople>	"2"^^xsd:integer
	<Switzerland>	<hasNumberOfPeople>	"391"^^xsd:integer
	<Switzerland>	<hasNumberOfPeople>	"8"^^xsd:integer
	<Switzerland>	<hasNumberOfPeople>	"8327126"^^xsd:integer
	<Switzerland>	<hasNumberOfPeople>	"8364123"^^xsd:integer
	<Switzerland>	<hasNumberOfPeople>	"8417700"^^xsd:integer
	<Switzerland>	<hasNumberOfPeople>	"973"^^xsd:integer
	<Switzerland>	<hasPopulationDensity>	"0"^^</km2>
	<Switzerland>	<hasPopulationDensity>	"41285"^^</km2>
	<Switzerland>	<hasPopulationDensity>	"8327126"^^</km2>
	<Switzerland>	<hasPoverty>	"9.1"^^<percent>
	<Switzerland>	<hasRevenue>	"19.197"^^<dollar>
	<Switzerland>	<hasTLD>	".ch"
	<Switzerland>	<hasUnemployment>	"2012"^^<percent>
	<Switzerland>	<hasUnemployment>	"2013"^^<percent>
	<Switzerland>	<hasUnemployment>	"2014"^^<percent>
	<Switzerland>	<hasUnemployment>	"4.18"^^<percent>
	<Switzerland>	<hasUnemployment>	"4.38"^^<percent>
	<Switzerland>	<hasUnemployment>	"4.54"^^<percent>
	<The_Catcher_in_the_Rye>	<hasPages>	"214"^^xsd:integer
	<The_Undertaker>	<hasHeight>	"2.03"^^<m>
	<The_Undertaker>	<hasWeight>	"136000"^^<g>
	<Tiger_Woods>	<hasHeight>	"1.85"^^<m>
	<Tiger_Woods>	<hasWeight>	"84000"^^<g>
	<To_Kill_a_Mockingbird>	<hasPages>	"281"^^xsd:integer
	<Tokyo>	<hasArea>	"2187.66"^^<km2>
	<Tokyo>	<hasLatitude>	"35.68333333333333"^^<degrees>
	<Tokyo>	<hasLongitude>	"139.68333333333334"^^<degrees>
	<Tokyo>	<hasNumberOfPeople>	"13617445"^^xsd:integer
	<Tokyo>	<hasNumberOfPeople>	"13622267"^^xsd:integer
	<Tokyo>	<hasNumberOfPeople>	"13686371"^^xsd:integer
	<Tokyo>	<hasPopulationDensity>	"6224.66"^^</km2>
	<Toronto>	<hasArea>	"630.21"^^<km2>
	<Toronto>	<hasLatitude>	"43.7"^^<degrees>
	<Toronto>	<hasLongitude>	"-79.4"^^<degrees>
	<Toronto>	<hasMotto>	"Diversity Our Strength"
	<Toronto>	<hasNumberOfPeople>	"1"^^xsd:integer
	<Toronto>	<hasNumberOfPeople>	"100"^^xsd:integer
	<Toronto>	<hasNumberOfPeople>	"2615060"^^xsd:integer
	<Toronto>	<hasNumberOfPeople>	"2731571"^^xsd:integer
	<Toronto>	<hasNumberOfPeople>	"5928040"^^xsd:integer
	<Toronto>	<hasPopulationDensity>	"4149.5"^^</km2>
	<Turkey>	<hasArea>	"783356"^^<km2>
	<Turkey>	<hasEconomicGrowth>	"6.7"^^<percent>
	<Turkey>	<hasExpenses>	"234000000000"^^<dollar>
	<Turkey>	<hasExport>	"150100000000"^^<dollar>
	<Turkey>	<hasGDP>	"861000000000"^^<dollar>
	<Turkey>	<hasGDP>	"861000000000"^^<yagoMonetaryValue>
	<Turkey>	<hasGini>	"40.0"^^xsd:decimal
	<Turkey>	<hasImport>	"197800000000"^^<dollar>
	<Turkey>	<hasInflation>	"11.87"^^<percent>
	<Turkey>	<hasLatitude>	"39.0"^^<degrees>
	<Turkey>	<hasLongitude>	"35.0"^^<degrees>
	<Turkey>	<hasMotto>	"Paix dans le pays, paix dans le monde"
	<Turkey>	<hasMotto>	"Yurtta Sulh, Cihanda Sulh"
	<Turkey>	<hasNumberOfPeople>	"79814871"^^xsd:integer
	<Turkey>	<hasNumberOfPeople>	"80274604"^^xsd:integer
	<Turkey>	<hasPopulationDensity>	"102"^^</km2>
	<Turkey>	<hasPoverty>	"16.9"^^<percent>
	<Turkey>	<hasRevenue>	"225000000000"^^<dollar>
	<Turkey>	<hasTLD>	".tr"
	<Turkey>	<hasUnemployment>	"11.4"^^<percent>
	<Turkey>	<hasUnemployment>	"2017"^^<percent>
	<United_Kingdom>	<hasArea>	"242495"^^<km2>
	<United_Kingdom>	<hasEconomicGrowth>	"0.3"^^<percent>
	<United_Kingdom>	<hasExpenses>	"1111000000000"^^<dollar>
	<United_Kingdom>	<hasExport>	"674000000000"^^<dollar>
	<United_Kingdom>	<hasGDP>	"2650000000000"^^<dollar>
	<United_Kingdom>	<hasGDP>	"2650000000000"^^<yagoMonetaryValue>
	<United_Kingdom>	<hasGini>	"31.6"^^xsd:decimal
	<United_Kingdom>	<hasImport>	"724000000000"^^<dollar>
	<United_Kingdom>	<hasInflation>	"1.8"^^<percent>
	<United_Kingdom>	<hasInflation>	"2.5"^^<percent>
	<United_Kingdom>	<hasLatitude>	"55.0"^^<degrees>
	<United_Kingdom>	<hasLongitude>	"-3.0"^^<degrees>
	<United_Kingdom>	<hasNumberOfPeople>	"65110000"^^xsd:integer
	<United_Kingdom>	<hasPopulationDensity>	"255.6"^^</km2>
	<United_Kingdom>	<hasPoverty>	"15"^^<percent>
	<United_Kingdom>	<hasRevenue>	"1030000000000"^^<dollar>
	<United_Kingdom>	<hasTLD>	".uk"
	<United_Kingdom>	<hasUnemployment>	"1540000"^^<percent>
	<United_Kingdom>	<hasUnemployment>	"1975"^^<percent>
	<United_Kingdom>	<hasUnemployment>	"2017"^^<percent>
	<United_Kingdom>	<hasUnemployment>	"4.6"^^<percent>
	<United_States>	<hasEconomicGrowth>	"1.6"^^<percent>
	<United_States>	<hasExpenses>	"3500000000000"^^<dollar>
	<United_States>	<hasExport>	"1470000000000"^^<dollar>
	<United_States>	<hasGDP>	"18558000000000"^^<dollar>
	<United_States>	<hasGini>	"40.8"^^xsd:decimal
	<United_States>	<hasImport>	"2210000000000"^^<dollar>
	<United_States>	<hasInflation>	"2.1"^^<percent>
	<United_States>	<hasLatitude>	"40.0"^^<degrees>
	<United_States>	<hasLongitude>	"-100.0"^^<degrees>
	<United_States>	<hasMotto>	"Annuit cœptis"
	<United_States>	<hasMotto>	"E pluribus unum"
	<United_States>	<hasMotto>	"He"
	<United_States>	<hasMotto>	"In God We Trust"
	<United_States>	<hasMotto>	"New order of the ages"
	<United_States>	<hasMotto>	"Novus ordo seclorum"
	<United_States>	<hasNumberOfPeople>	"322755353"^^xsd:integer
	<United_States>	<hasNumberOfPeople>	"324811000"^^xsd:integer
	<United_States>	<hasPoverty>	"13.5"^^<percent>
	<United_States>	<hasRevenue>	"3000000000000"^^<dollar>
	<United_States>	<hasTLD>	".us"
	<United_States>	<hasUnemployment>	"2016"^^<percent>
	<United_States>	<hasUnemployment>	"4.7"^^<percent>
	<Usain_Bolt>	<hasHeight>	"1.95"^^<m>
	<Usain_Bolt>	<hasWeight>	"94000"^^<g>
	<Vancouver>	<hasArea>	"114.97"^^<km2>
	<Vancouver>	<hasLatitude>	"49.25"^^<degrees>
	<Vancouver>	<hasLongitude>	"-123.1"^^<degrees>
	<Vancouver>	<hasNumberOfPeople>	"100"^^xsd:integer
	<Vancouver>	<hasNumberOfPeople>	"2313328"^^xsd:integer
	<Vancouver>	<hasNumberOfPeople>	"603502"^^xsd:integer
	<Vancouver>	<hasNumberOfPeople>	"615000"^^xsd:integer
	<Vancouver>	<hasNumberOfPeople>	"631486"^^xsd:integer
	<Vancouver>	<hasNumberOfPeople>	"8"^^xsd:integer
	<Vancouver>	<hasPopulationDensity>	"5492.6"^^</km2>
	<Venice>	<hasArea>	"414.57"^^<km2>
	<Venice>	<hasLatitude>	"45.4375"^^<degrees>
	<Venice>	<hasLongitude>	"12.335833333333333"^^<degrees>
	<Venice>	<hasNumberOfPeople>	"264579"^^xsd:integer
	<Venice>	<hasNumberOfPeople>	"266181"^^xsd:integer
	<Venice>	<hasNumberOfPeople>	"269810"^^xsd:integer
	<Venice>	<hasNumberOfPeople>	"969000"^^xsd:integer
	<Washington,_D.C.>	<hasLatitude>	"38.90472222222222"^^<degrees>
	<Washington,_D.C.>	<hasLongitude>	"-77.01638888888888"^^<degrees>
	<Washington,_D.C.>	<hasMotto>	"Justitia Omnibus"
	<Washington,_D.C.>	<hasNumberOfPeople>	"672228"^^xsd:integer
	<Washington,_D.C.>	<hasNumberOfPeople>	"681170"^^xsd:integer
	<Wayne_Rooney>	<hasHeight>	"1.76"^^<m>
	<YouTube>	<hasLatitude>	"37.6278522"^^<degrees>
	<YouTube>	<hasLongitude>	"-122.426103"^^<degrees>
	<YouTube>	<hasMotto>	"Broadcast Yourself"
	<YouTube>	<hasNumberOfPeople>	"121"^^xsd:integer
